{
  "q_table": {
    "('medium', 'ReLU', 'relaxed')": [
      -28.89447166666667,
      0.0,
      -7.346666666666667
    ],
    "('small', 'Conv', 'relaxed')": [
      -28.89447166666667,
      0.0,
      -20.172519866666665
    ],
    "('large', 'FC', 'relaxed')": [
      -270.20235666666673,
      0.0,
      -179.29196536666666
    ],
    "('medium', 'ReLU', 'moderate')": [
      -72.34676666666667,
      0.0,
      -26.07213666666667
    ],
    "('medium', 'Conv', 'relaxed')": [
      92.16525100124129,
      20.93477252667379,
      -2.9433149351011743
    ],
    "('large', 'Conv', 'relaxed')": [
      -1128.8703845327602,
      -376.47460510879984,
      -525.169413786389
    ],
    "('medium', 'Conv', 'none')": [
      -12.963465666666668,
      0.0,
      -5.731666666666666
    ],
    "('medium', 'FC', 'relaxed')": [
      -25.25311666666667,
      0.0,
      -10.478666666666665
    ],
    "('small', 'Conv', 'none')": [
      0.0,
      0.0,
      0.0
    ],
    "('medium', 'ReLU', 'strict')": [
      0.0,
      0.0,
      0.0
    ],
    "('large', 'FC', 'moderate')": [
      0.0,
      0.0,
      0.0
    ]
  },
  "hyperparameters": {
    "alpha": 0.1,
    "gamma": 0.9,
    "epsilon": 0.2713831440823852,
    "energy_weight": 0.7,
    "latency_weight": 0.3
  },
  "statistics": {
    "episodes": 20,
    "total_reward": -32554.666666666748,
    "avg_reward": -1627.7333333333374,
    "q_table_size": 11,
    "epsilon": 0.2713831440823852,
    "recent_rewards": [
      0.0,
      0.0,
      0.0,
      0.0,
      0.0,
      0.0,
      -38.666666666666664,
      -100.0,
      0.0,
      0.0
    ]
  }
}