{
  "q_table": {
    "('medium', 'FC', 'relaxed')": [
      -32.17169116666667,
      0.0,
      -15.834386666666664
    ],
    "('small', 'Conv', 'relaxed')": [
      -32.17169116666667,
      0.0,
      -20.172519866666665
    ],
    "('medium', 'Conv', 'relaxed')": [
      87.84407452538647,
      36.08065690155245,
      5.909610788524346
    ],
    "('medium', 'ReLU', 'moderate')": [
      -100.61745956666667,
      0.0,
      -29.83158966666667
    ],
    "('large', 'Conv', 'relaxed')": [
      -937.9542150757975,
      -363.81451393612883,
      -817.814785603765
    ],
    "('medium', 'Conv', 'none')": [
      -14.433785766666668,
      0.0,
      -8.695051666666664
    ],
    "('medium', 'ReLU', 'relaxed')": [
      -37.775736511666665,
      0.0,
      -15.834386666666665
    ],
    "('large', 'FC', 'relaxed')": [
      -353.25418467666674,
      0.0,
      -161.02810966666667
    ],
    "('small', 'Conv', 'none')": [
      0.0,
      0.0,
      0.0
    ],
    "('medium', 'ReLU', 'strict')": [
      0.0,
      0.0,
      0.0
    ],
    "('large', 'FC', 'moderate')": [
      0.0,
      0.0,
      0.0
    ]
  },
  "hyperparameters": {
    "alpha": 0.1,
    "gamma": 0.9,
    "epsilon": 0.2713831440823852,
    "energy_weight": 0.7,
    "latency_weight": 0.3
  },
  "statistics": {
    "episodes": 20,
    "total_reward": -36304.33333333337,
    "avg_reward": -1815.2166666666685,
    "q_table_size": 11,
    "epsilon": 0.2713831440823852,
    "recent_rewards": [
      -100.0,
      0.0,
      0.0,
      23.333333333333297,
      -176.66666666666666,
      0.0,
      -16.66666666666666,
      -61.66666666666667,
      -16.66666666666666,
      0.0
    ]
  }
}