{
  "q_table": {
    "('large', 'Conv', 'relaxed')": [
      -2158.8228510035424,
      -1398.8373837114684,
      -2483.2645872803128
    ],
    "('small', 'Pool', 'none')": [
      -24.823372476312205,
      0.0,
      -15.210763014979136
    ],
    "('medium', 'Dropout', 'none')": [
      -26.405081929406006,
      0.0,
      -15.210763014979133
    ],
    "('medium', 'Conv', 'none')": [
      -26.594319639995106,
      0.0,
      -14.953838841151923
    ],
    "('medium', 'Linear', 'relaxed')": [
      -57.08784968210939,
      0.0,
      -26.271019253124994
    ],
    "('small', 'Conv', 'none')": [
      -25.920528622015237,
      0.0,
      -14.295970714397129
    ],
    "('medium', 'ReLU', 'none')": [
      -25.612386614135584,
      0.0,
      -14.29597071439713
    ],
    "('medium', 'FC', 'none')": [
      -24.823372476312205,
      0.0,
      -14.651575107237559
    ],
    "('large', 'FC', 'moderate')": [
      -6996.606631219143,
      -4677.568751448359,
      -6378.933500550525
    ],
    "('medium', 'Conv', 'relaxed')": [
      -60.765214800246774,
      0.0,
      -37.16796479806544
    ],
    "('large', 'FC', 'none')": [
      -21.25859781949805,
      0.0,
      -15.210763014979133
    ],
    "('medium', 'Pool', 'none')": [
      -21.25859781949805,
      0.0,
      -14.295970714397127
    ],
    "('small', 'Conv', 'relaxed')": [
      -60.90043258020976,
      0.0,
      -38.00168468571463
    ],
    "('small', 'ReLU', 'none')": [
      -25.612386614135577,
      0.0,
      -12.806384228613274
    ],
    "('medium', 'Conv', 'moderate')": [
      -32.2003437509526,
      18.799605093091404,
      40.326344082930106
    ],
    "('medium', 'Conv', 'strict')": [
      -58.35847139532404,
      0.0,
      -35.2889701947516
    ],
    "('large', 'Conv', 'none')": [
      -26.182449328712966,
      0.0,
      -14.953838841151926
    ],
    "('large', 'Linear', 'moderate')": [
      -4841.571660198625,
      -2731.7247741405004,
      -3575.271641351016
    ],
    "('medium', 'ReLU', 'moderate')": [
      -51.34716663914047,
      0.0,
      -24.083552062500008
    ],
    "('medium', 'BatchNorm', 'none')": [
      -23.731311385899243,
      0.0,
      -15.210763014979136
    ]
  },
  "hyperparameters": {
    "alpha": 0.15,
    "gamma": 0.9,
    "epsilon": 0.3113250228274569,
    "energy_weight": 0.7,
    "latency_weight": 0.3
  },
  "statistics": {
    "episodes": 50,
    "total_reward": -444794.6666666709,
    "avg_reward": -8895.893333333417,
    "q_table_size": 20,
    "epsilon": 0.3113250228274569,
    "recent_rewards": [
      0.0,
      0.0,
      0.0,
      0.0,
      0.0,
      0.0,
      6.333333333333325,
      -776.6666666666669,
      0.0,
      -700.0
    ]
  }
}