{
  "q_table": {
    "('large', 'Conv', 'relaxed')": [
      -1144.62008136592,
      -382.7098590577118,
      -447.26372120168696
    ],
    "('medium', 'ReLU', 'relaxed')": [
      -32.17169116666667,
      0.0,
      -13.297466666666665
    ],
    "('medium', 'Conv', 'none')": [
      -12.963465666666668,
      0.0,
      -5.731666666666666
    ],
    "('medium', 'Conv', 'relaxed')": [
      87.84407452538647,
      18.919102144733138,
      2.5108525482850963
    ],
    "('large', 'FC', 'relaxed')": [
      -375.59543287566675,
      0.0,
      -93.13366666666667
    ],
    "('small', 'Conv', 'relaxed')": [
      -32.17169116666667,
      0.0,
      -25.184433649466666
    ],
    "('medium', 'FC', 'relaxed')": [
      -28.89447166666667,
      0.0,
      -10.478666666666665
    ],
    "('medium', 'ReLU', 'moderate')": [
      -92.16754766666666,
      0.0,
      -26.07213666666667
    ],
    "('small', 'Conv', 'none')": [
      0.0,
      0.0,
      0.0
    ],
    "('medium', 'ReLU', 'strict')": [
      0.0,
      0.0,
      0.0
    ],
    "('large', 'FC', 'moderate')": [
      0.0,
      0.0,
      0.0
    ]
  },
  "hyperparameters": {
    "alpha": 0.1,
    "gamma": 0.9,
    "epsilon": 0.2713831440823852,
    "energy_weight": 0.7,
    "latency_weight": 0.3
  },
  "statistics": {
    "episodes": 20,
    "total_reward": -33398.000000000065,
    "avg_reward": -1669.9000000000033,
    "q_table_size": 11,
    "epsilon": 0.2713831440823852,
    "recent_rewards": [
      0.0,
      0.0,
      -100.0,
      0.0,
      0.0,
      0.0,
      0.0,
      -63.66666666666667,
      -576.6666666666667,
      23.333333333333297
    ]
  }
}