{
  "q_table": {
    "('medium', 'Conv', 'none')": [
      -16.94803313766667,
      0.0,
      -4.516666666666666
    ],
    "('medium', 'ReLU', 'relaxed')": [
      -21.20716666666667,
      0.0,
      -15.834386666666665
    ],
    "('medium', 'ReLU', 'moderate')": [
      -100.61745956666667,
      0.0,
      -6.366666666666667
    ],
    "('large', 'FC', 'relaxed')": [
      -236.15076666666673,
      0.0,
      -195.72943549666667
    ],
    "('medium', 'Conv', 'relaxed')": [
      89.29896711346593,
      22.51572490961048,
      6.162813451205588
    ],
    "('large', 'Conv', 'relaxed')": [
      -1064.6343583364485,
      -350.89737163159765,
      -831.024547255383
    ],
    "('small', 'Conv', 'relaxed')": [
      -28.89447166666667,
      0.0,
      -7.346666666666667
    ],
    "('medium', 'FC', 'relaxed')": [
      -25.25311666666667,
      0.0,
      -26.532656951186663
    ],
    "('small', 'Conv', 'none')": [
      0.0,
      0.0,
      0.0
    ],
    "('medium', 'ReLU', 'strict')": [
      0.0,
      0.0,
      0.0
    ],
    "('large', 'FC', 'moderate')": [
      0.0,
      0.0,
      0.0
    ]
  },
  "hyperparameters": {
    "alpha": 0.1,
    "gamma": 0.9,
    "epsilon": 0.2713831440823852,
    "energy_weight": 0.7,
    "latency_weight": 0.3
  },
  "statistics": {
    "episodes": 20,
    "total_reward": -37269.333333333336,
    "avg_reward": -1863.4666666666667,
    "q_table_size": 11,
    "epsilon": 0.2713831440823852,
    "recent_rewards": [
      0.0,
      0.0,
      -61.66666666666667,
      0.0,
      -343.6666666666667,
      0.0,
      0.0,
      0.0,
      23.333333333333297,
      0.0
    ]
  }
}